<?xml version="1.0" encoding="UTF-8"?>
<bpmn2:definitions xmlns:xsi="http://www.w3.org/2001/XMLSchema-instance" xmlns:bpmn2="http://www.omg.org/spec/BPMN/20100524/MODEL" xmlns:bpmndi="http://www.omg.org/spec/BPMN/20100524/DI" xmlns:dc="http://www.omg.org/spec/DD/20100524/DC" xmlns:di="http://www.omg.org/spec/DD/20100524/DI" id="_kflC8EpMEeWaLu3nadCTVw" targetNamespace="http://camunda.org/schema/1.0/bpmn" exporter="camunda modeler" exporterVersion="2.7.0" xsi:schemaLocation="http://www.omg.org/spec/BPMN/20100524/MODEL BPMN20.xsd">
  <bpmn2:collaboration id="_Collaboration_4">
    <bpmn2:participant id="_Participant_4" name="Leave Management" processRef="Process_1" />
  </bpmn2:collaboration>
  <bpmn2:process id="Process_1" name="Leave Management" isExecutable="false">
    <bpmn2:laneSet id="LaneSet_1" name="Lane Set 1">
      <bpmn2:lane id="Lane_1" name="Employee">
        <bpmn2:flowNodeRef>StartEvent_1</bpmn2:flowNodeRef>
        <bpmn2:flowNodeRef>Task_1</bpmn2:flowNodeRef>
        <bpmn2:flowNodeRef>EndEvent_1</bpmn2:flowNodeRef>
        <bpmn2:flowNodeRef>EndEvent_3</bpmn2:flowNodeRef>
        <bpmn2:flowNodeRef>EndEvent_4</bpmn2:flowNodeRef>
      </bpmn2:lane>
      <bpmn2:lane id="Lane_2" name="Manager">
        <bpmn2:flowNodeRef>Task_2</bpmn2:flowNodeRef>
        <bpmn2:flowNodeRef>ExclusiveGateway_1</bpmn2:flowNodeRef>
      </bpmn2:lane>
      <bpmn2:lane id="Lane_3" name="Director">
        <bpmn2:flowNodeRef>Task_3</bpmn2:flowNodeRef>
        <bpmn2:flowNodeRef>ExclusiveGateway_2</bpmn2:flowNodeRef>
      </bpmn2:lane>
    </bpmn2:laneSet>
    <bpmn2:startEvent id="StartEvent_1">
      <bpmn2:outgoing>SequenceFlow_1</bpmn2:outgoing>
    </bpmn2:startEvent>
    <bpmn2:sequenceFlow id="SequenceFlow_1" name="" sourceRef="StartEvent_1" targetRef="Task_1" />
    <bpmn2:task id="Task_2" name="Validate Leave application">
      <bpmn2:incoming>SequenceFlow_2</bpmn2:incoming>
      <bpmn2:outgoing>SequenceFlow_3</bpmn2:outgoing>
    </bpmn2:task>
    <bpmn2:task id="Task_1" name="Complete leave application">
      <bpmn2:incoming>SequenceFlow_1</bpmn2:incoming>
      <bpmn2:outgoing>SequenceFlow_2</bpmn2:outgoing>
    </bpmn2:task>
    <bpmn2:sequenceFlow id="SequenceFlow_2" name="" sourceRef="Task_1" targetRef="Task_2" />
    <bpmn2:exclusiveGateway id="ExclusiveGateway_1" name="Leave application approved ?">
      <bpmn2:incoming>SequenceFlow_3</bpmn2:incoming>
      <bpmn2:outgoing>SequenceFlow_4</bpmn2:outgoing>
      <bpmn2:outgoing>SequenceFlow_5</bpmn2:outgoing>
    </bpmn2:exclusiveGateway>
    <bpmn2:sequenceFlow id="SequenceFlow_3" name="" sourceRef="Task_2" targetRef="ExclusiveGateway_1" />
    <bpmn2:sequenceFlow id="SequenceFlow_4" name="" sourceRef="ExclusiveGateway_1" targetRef="EndEvent_1">
      <bpmn2:conditionExpression xsi:type="bpmn2:tFormalExpression">Yes1</bpmn2:conditionExpression>
    </bpmn2:sequenceFlow>
    <bpmn2:endEvent id="EndEvent_1" name="not approved">
      <bpmn2:incoming>SequenceFlow_4</bpmn2:incoming>
    </bpmn2:endEvent>
    <bpmn2:sequenceFlow id="SequenceFlow_5" name="" sourceRef="ExclusiveGateway_1" targetRef="Task_3">
      <bpmn2:conditionExpression xsi:type="bpmn2:tFormalExpression">No1</bpmn2:conditionExpression>
    </bpmn2:sequenceFlow>
    <bpmn2:task id="Task_3" name="Decide">
      <bpmn2:incoming>SequenceFlow_5</bpmn2:incoming>
      <bpmn2:outgoing>SequenceFlow_7</bpmn2:outgoing>
    </bpmn2:task>
    <bpmn2:exclusiveGateway id="ExclusiveGateway_2" name="Leave application accepted ?">
      <bpmn2:incoming>SequenceFlow_7</bpmn2:incoming>
      <bpmn2:outgoing>SequenceFlow_8</bpmn2:outgoing>
      <bpmn2:outgoing>SequenceFlow_9</bpmn2:outgoing>
    </bpmn2:exclusiveGateway>
    <bpmn2:sequenceFlow id="SequenceFlow_7" name="" sourceRef="Task_3" targetRef="ExclusiveGateway_2" />
    <bpmn2:sequenceFlow id="SequenceFlow_8" name="" sourceRef="ExclusiveGateway_2" targetRef="EndEvent_3" />
    <bpmn2:endEvent id="EndEvent_3" name="refused">
      <bpmn2:incoming>SequenceFlow_8</bpmn2:incoming>
    </bpmn2:endEvent>
    <bpmn2:sequenceFlow id="SequenceFlow_9" name="" sourceRef="ExclusiveGateway_2" targetRef="EndEvent_4" />
    <bpmn2:endEvent id="EndEvent_4" name="accepted">
      <bpmn2:incoming>SequenceFlow_9</bpmn2:incoming>
    </bpmn2:endEvent>
  </bpmn2:process>
  <bpmndi:BPMNDiagram id="BPMNDiagram_1">
    <bpmndi:BPMNPlane id="BPMNPlane_1" bpmnElement="_Collaboration_4">
      <bpmndi:BPMNShape id="_BPMNShape_Participant_4" bpmnElement="_Participant_4" isHorizontal="true">
        <dc:Bounds x="45" y="90" width="676" height="319" />
      </bpmndi:BPMNShape>
      <bpmndi:BPMNShape id="_BPMNShape_Lane_9" bpmnElement="Lane_1" isHorizontal="true">
        <dc:Bounds x="75" y="90" width="646" height="107" />
      </bpmndi:BPMNShape>
      <bpmndi:BPMNShape id="_BPMNShape_Lane_10" bpmnElement="Lane_2" isHorizontal="true">
        <dc:Bounds x="75" y="196" width="646" height="105" />
      </bpmndi:BPMNShape>
      <bpmndi:BPMNShape id="_BPMNShape_Lane_11" bpmnElement="Lane_3" isHorizontal="true">
        <dc:Bounds x="75" y="300" width="646" height="109" />
      </bpmndi:BPMNShape>
      <bpmndi:BPMNShape id="_BPMNShape_StartEvent_5" bpmnElement="StartEvent_1">
        <dc:Bounds x="100" y="119" width="36" height="36" />
        <bpmndi:BPMNLabel>
          <dc:Bounds x="118" y="160" width="0" height="0" />
        </bpmndi:BPMNLabel>
      </bpmndi:BPMNShape>
      <bpmndi:BPMNShape id="_BPMNShape_Task_19" bpmnElement="Task_1">
        <dc:Bounds x="180" y="97" width="100" height="80" />
      </bpmndi:BPMNShape>
      <bpmndi:BPMNEdge id="BPMNEdge_SequenceFlow_1" bpmnElement="SequenceFlow_1" sourceElement="_BPMNShape_StartEvent_5" targetElement="_BPMNShape_Task_19">
        <di:waypoint xsi:type="dc:Point" x="136" y="137" />
        <di:waypoint xsi:type="dc:Point" x="180" y="137" />
        <bpmndi:BPMNLabel>
          <dc:Bounds x="160" y="137" width="6" height="6" />
        </bpmndi:BPMNLabel>
      </bpmndi:BPMNEdge>
      <bpmndi:BPMNShape id="_BPMNShape_Task_20" bpmnElement="Task_2">
        <dc:Bounds x="180" y="209" width="100" height="80" />
      </bpmndi:BPMNShape>
      <bpmndi:BPMNEdge id="BPMNEdge_SequenceFlow_2" bpmnElement="SequenceFlow_2" sourceElement="_BPMNShape_Task_19" targetElement="_BPMNShape_Task_20">
        <di:waypoint xsi:type="dc:Point" x="230" y="177" />
        <di:waypoint xsi:type="dc:Point" x="230" y="209" />
        <bpmndi:BPMNLabel>
          <dc:Bounds x="227" y="182" width="6" height="6" />
        </bpmndi:BPMNLabel>
      </bpmndi:BPMNEdge>
      <bpmndi:BPMNShape id="_BPMNShape_ExclusiveGateway_4" bpmnElement="ExclusiveGateway_1" isMarkerVisible="true">
        <dc:Bounds x="330" y="224" width="50" height="50" />
        <bpmndi:BPMNLabel>
          <dc:Bounds x="372" y="239" width="171" height="22" />
        </bpmndi:BPMNLabel>
      </bpmndi:BPMNShape>
      <bpmndi:BPMNEdge id="BPMNEdge_SequenceFlow_3" bpmnElement="SequenceFlow_3" sourceElement="_BPMNShape_Task_20" targetElement="_BPMNShape_ExclusiveGateway_4">
        <di:waypoint xsi:type="dc:Point" x="280" y="249" />
        <di:waypoint xsi:type="dc:Point" x="330" y="249" />
        <bpmndi:BPMNLabel>
          <dc:Bounds x="302" y="249" width="6" height="6" />
        </bpmndi:BPMNLabel>
      </bpmndi:BPMNEdge>
      <bpmndi:BPMNShape id="_BPMNShape_EndEvent_6" bpmnElement="EndEvent_1">
        <dc:Bounds x="384" y="126" width="36" height="36" />
        <bpmndi:BPMNLabel>
          <dc:Bounds x="402" y="167" width="0" height="0" />
        </bpmndi:BPMNLabel>
      </bpmndi:BPMNShape>
      <bpmndi:BPMNEdge id="BPMNEdge_SequenceFlow_4" bpmnElement="SequenceFlow_4" sourceElement="_BPMNShape_ExclusiveGateway_4" targetElement="_BPMNShape_EndEvent_6">
        <di:waypoint xsi:type="dc:Point" x="355" y="224" />
        <di:waypoint xsi:type="dc:Point" x="355" y="193" />
        <di:waypoint xsi:type="dc:Point" x="402" y="193" />
        <di:waypoint xsi:type="dc:Point" x="402" y="162" />
        <bpmndi:BPMNLabel>
          <dc:Bounds x="352" y="199" width="6" height="6" />
        </bpmndi:BPMNLabel>
      </bpmndi:BPMNEdge>
      <bpmndi:BPMNShape id="_BPMNShape_Task_21" bpmnElement="Task_3">
        <dc:Bounds x="360" y="315" width="100" height="80" />
      </bpmndi:BPMNShape>
      <bpmndi:BPMNEdge id="BPMNEdge_SequenceFlow_5" bpmnElement="SequenceFlow_5" sourceElement="_BPMNShape_ExclusiveGateway_4" targetElement="_BPMNShape_Task_21">
        <di:waypoint xsi:type="dc:Point" x="355" y="274" />
        <di:waypoint xsi:type="dc:Point" x="355" y="294" />
        <di:waypoint xsi:type="dc:Point" x="410" y="294" />
        <di:waypoint xsi:type="dc:Point" x="410" y="315" />
        <bpmndi:BPMNLabel>
          <dc:Bounds x="357" y="294" width="6" height="6" />
        </bpmndi:BPMNLabel>
      </bpmndi:BPMNEdge>
      <bpmndi:BPMNShape id="_BPMNShape_ExclusiveGateway_5" bpmnElement="ExclusiveGateway_2" isMarkerVisible="true">
        <dc:Bounds x="510" y="330" width="50" height="50" />
        <bpmndi:BPMNLabel>
          <dc:Bounds x="535" y="385" width="0" height="0" />
        </bpmndi:BPMNLabel>
      </bpmndi:BPMNShape>
      <bpmndi:BPMNEdge id="BPMNEdge_SequenceFlow_7" bpmnElement="SequenceFlow_7" sourceElement="_BPMNShape_Task_21" targetElement="_BPMNShape_ExclusiveGateway_5">
        <di:waypoint xsi:type="dc:Point" x="460" y="355" />
        <di:waypoint xsi:type="dc:Point" x="510" y="355" />
        <bpmndi:BPMNLabel>
          <dc:Bounds x="482" y="355" width="6" height="6" />
        </bpmndi:BPMNLabel>
      </bpmndi:BPMNEdge>
      <bpmndi:BPMNShape id="_BPMNShape_EndEvent_8" bpmnElement="EndEvent_3">
        <dc:Bounds x="516" y="126" width="36" height="36" />
        <bpmndi:BPMNLabel>
          <dc:Bounds x="534" y="167" width="0" height="0" />
        </bpmndi:BPMNLabel>
      </bpmndi:BPMNShape>
      <bpmndi:BPMNEdge id="BPMNEdge_SequenceFlow_8" bpmnElement="SequenceFlow_8" sourceElement="_BPMNShape_ExclusiveGateway_5" targetElement="_BPMNShape_EndEvent_8">
        <di:waypoint xsi:type="dc:Point" x="535" y="330" />
        <di:waypoint xsi:type="dc:Point" x="534" y="162" />
        <bpmndi:BPMNLabel>
          <dc:Bounds x="532" y="305" width="6" height="6" />
        </bpmndi:BPMNLabel>
      </bpmndi:BPMNEdge>
      <bpmndi:BPMNShape id="_BPMNShape_EndEvent_9" bpmnElement="EndEvent_4">
        <dc:Bounds x="636" y="132" width="36" height="36" />
        <bpmndi:BPMNLabel>
          <dc:Bounds x="654" y="173" width="0" height="0" />
        </bpmndi:BPMNLabel>
      </bpmndi:BPMNShape>
      <bpmndi:BPMNEdge id="BPMNEdge_SequenceFlow_9" bpmnElement="SequenceFlow_9" sourceElement="_BPMNShape_ExclusiveGateway_5" targetElement="_BPMNShape_EndEvent_9">
        <di:waypoint xsi:type="dc:Point" x="560" y="355" />
        <di:waypoint xsi:type="dc:Point" x="598" y="355" />
        <di:waypoint xsi:type="dc:Point" x="598" y="150" />
        <di:waypoint xsi:type="dc:Point" x="636" y="150" />
        <bpmndi:BPMNLabel>
          <dc:Bounds x="582" y="355" width="6" height="6" />
        </bpmndi:BPMNLabel>
      </bpmndi:BPMNEdge>
    </bpmndi:BPMNPlane>
  </bpmndi:BPMNDiagram>
</bpmn2:definitions>
