<?xml version="1.0" encoding="UTF-8"?>
<bpmn2:definitions xmlns:xsi="http://www.w3.org/2001/XMLSchema-instance" xmlns:bpmn2="http://www.omg.org/spec/BPMN/20100524/MODEL" xmlns:bpmndi="http://www.omg.org/spec/BPMN/20100524/DI" xmlns:dc="http://www.omg.org/spec/DD/20100524/DC" xmlns:di="http://www.omg.org/spec/DD/20100524/DI" id="_u1vMUEZYEeWgI9rDg339og" targetNamespace="http://camunda.org/schema/1.0/bpmn" exporter="camunda modeler" exporterVersion="2.7.0" xsi:schemaLocation="http://www.omg.org/spec/BPMN/20100524/MODEL BPMN20.xsd">
  <bpmn2:collaboration id="_Collaboration_3">
    <bpmn2:participant id="_Participant_3" name="Loan Request" processRef="Process_1" />
  </bpmn2:collaboration>
  <bpmn2:process id="Process_1" name="Loan Request" isExecutable="false">
    <bpmn2:laneSet id="LaneSet_1" name="Lane Set 1">
      <bpmn2:lane id="Lane_1" name="Customer">
        <bpmn2:flowNodeRef>StartEvent_1</bpmn2:flowNodeRef>
        <bpmn2:flowNodeRef>Task_1</bpmn2:flowNodeRef>
      </bpmn2:lane>
      <bpmn2:lane id="Lane_2" name="Sales">
        <bpmn2:flowNodeRef>Task_2</bpmn2:flowNodeRef>
        <bpmn2:flowNodeRef>Task_3</bpmn2:flowNodeRef>
        <bpmn2:flowNodeRef>ExclusiveGateway_1</bpmn2:flowNodeRef>
        <bpmn2:flowNodeRef>Task_4</bpmn2:flowNodeRef>
        <bpmn2:flowNodeRef>EndEvent_1</bpmn2:flowNodeRef>
        <bpmn2:flowNodeRef>Task_7</bpmn2:flowNodeRef>
        <bpmn2:flowNodeRef>ExclusiveGateway_2</bpmn2:flowNodeRef>
        <bpmn2:flowNodeRef>Task_8</bpmn2:flowNodeRef>
        <bpmn2:flowNodeRef>Task_9</bpmn2:flowNodeRef>
        <bpmn2:flowNodeRef>EndEvent_2</bpmn2:flowNodeRef>
        <bpmn2:flowNodeRef>EndEvent_3</bpmn2:flowNodeRef>
      </bpmn2:lane>
      <bpmn2:lane id="Lane_3" name="Administration">
        <bpmn2:flowNodeRef>Task_5</bpmn2:flowNodeRef>
        <bpmn2:flowNodeRef>Task_6</bpmn2:flowNodeRef>
      </bpmn2:lane>
    </bpmn2:laneSet>
    <bpmn2:startEvent id="StartEvent_1">
      <bpmn2:outgoing>SequenceFlow_1</bpmn2:outgoing>
    </bpmn2:startEvent>
    <bpmn2:task id="Task_1" name="Request Loan">
      <bpmn2:incoming>SequenceFlow_1</bpmn2:incoming>
      <bpmn2:outgoing>SequenceFlow_2</bpmn2:outgoing>
    </bpmn2:task>
    <bpmn2:task id="Task_2" name="Consolidate and Digitalize Data">
      <bpmn2:incoming>SequenceFlow_2</bpmn2:incoming>
      <bpmn2:outgoing>SequenceFlow_3</bpmn2:outgoing>
    </bpmn2:task>
    <bpmn2:task id="Task_3" name="Analyze Financial Data">
      <bpmn2:incoming>SequenceFlow_3</bpmn2:incoming>
      <bpmn2:outgoing>SequenceFlow_4</bpmn2:outgoing>
    </bpmn2:task>
    <bpmn2:exclusiveGateway id="ExclusiveGateway_1" name="Request 1 Qualified?">
      <bpmn2:incoming>SequenceFlow_4</bpmn2:incoming>
      <bpmn2:outgoing>SequenceFlow_5</bpmn2:outgoing>
      <bpmn2:outgoing>SequenceFlow_7</bpmn2:outgoing>
    </bpmn2:exclusiveGateway>
    <bpmn2:task id="Task_4" name="Prepare and Transmit Refusal Letter">
      <bpmn2:incoming>SequenceFlow_5</bpmn2:incoming>
      <bpmn2:outgoing>SequenceFlow_6</bpmn2:outgoing>
    </bpmn2:task>
    <bpmn2:endEvent id="EndEvent_1">
      <bpmn2:incoming>SequenceFlow_6</bpmn2:incoming>
    </bpmn2:endEvent>
    <bpmn2:task id="Task_5" name="Verify Credit Record with Credit Offices">
      <bpmn2:incoming>SequenceFlow_7</bpmn2:incoming>
      <bpmn2:outgoing>SequenceFlow_8</bpmn2:outgoing>
    </bpmn2:task>
    <bpmn2:task id="Task_6" name="Prepare detailed analysis of Financial data">
      <bpmn2:incoming>SequenceFlow_8</bpmn2:incoming>
      <bpmn2:outgoing>SequenceFlow_9</bpmn2:outgoing>
    </bpmn2:task>
    <bpmn2:task id="Task_7" name="Review detailed analysis">
      <bpmn2:incoming>SequenceFlow_9</bpmn2:incoming>
      <bpmn2:outgoing>SequenceFlow_10</bpmn2:outgoing>
    </bpmn2:task>
    <bpmn2:exclusiveGateway id="ExclusiveGateway_2" name="Request 2 Qualified?">
      <bpmn2:incoming>SequenceFlow_10</bpmn2:incoming>
      <bpmn2:outgoing>SequenceFlow_11</bpmn2:outgoing>
      <bpmn2:outgoing>SequenceFlow_12</bpmn2:outgoing>
    </bpmn2:exclusiveGateway>
    <bpmn2:task id="Task_8" name="Prepare and Transmit Acceptal Letter">
      <bpmn2:incoming>SequenceFlow_11</bpmn2:incoming>
      <bpmn2:outgoing>SequenceFlow_14</bpmn2:outgoing>
    </bpmn2:task>
    <bpmn2:task id="Task_9" name="Prepare and Transmit Refusal Letter">
      <bpmn2:incoming>SequenceFlow_12</bpmn2:incoming>
      <bpmn2:outgoing>SequenceFlow_13</bpmn2:outgoing>
    </bpmn2:task>
    <bpmn2:endEvent id="EndEvent_2">
      <bpmn2:incoming>SequenceFlow_13</bpmn2:incoming>
    </bpmn2:endEvent>
    <bpmn2:endEvent id="EndEvent_3">
      <bpmn2:incoming>SequenceFlow_14</bpmn2:incoming>
    </bpmn2:endEvent>
    <bpmn2:sequenceFlow id="SequenceFlow_1" name="" sourceRef="StartEvent_1" targetRef="Task_1" />
    <bpmn2:sequenceFlow id="SequenceFlow_2" name="" sourceRef="Task_1" targetRef="Task_2" />
    <bpmn2:sequenceFlow id="SequenceFlow_3" name="" sourceRef="Task_2" targetRef="Task_3" />
    <bpmn2:sequenceFlow id="SequenceFlow_4" name="" sourceRef="Task_3" targetRef="ExclusiveGateway_1" />
    <bpmn2:sequenceFlow id="SequenceFlow_5" name="No" sourceRef="ExclusiveGateway_1" targetRef="Task_4">
      <bpmn2:conditionExpression xsi:type="bpmn2:tFormalExpression">No1</bpmn2:conditionExpression>
    </bpmn2:sequenceFlow>
    <bpmn2:sequenceFlow id="SequenceFlow_7" name="Yes" sourceRef="ExclusiveGateway_1" targetRef="Task_5">
      <bpmn2:conditionExpression xsi:type="bpmn2:tFormalExpression">Yes1</bpmn2:conditionExpression>
    </bpmn2:sequenceFlow>
    <bpmn2:sequenceFlow id="SequenceFlow_6" name="" sourceRef="Task_4" targetRef="EndEvent_1" />
    <bpmn2:sequenceFlow id="SequenceFlow_8" name="" sourceRef="Task_5" targetRef="Task_6" />
    <bpmn2:sequenceFlow id="SequenceFlow_9" name="" sourceRef="Task_6" targetRef="Task_7" />
    <bpmn2:sequenceFlow id="SequenceFlow_10" name="" sourceRef="Task_7" targetRef="ExclusiveGateway_2" />
    <bpmn2:sequenceFlow id="SequenceFlow_11" name="Yes2" sourceRef="ExclusiveGateway_2" targetRef="Task_8">
      <bpmn2:conditionExpression xsi:type="bpmn2:tFormalExpression">Yes2</bpmn2:conditionExpression>
    </bpmn2:sequenceFlow>
    <bpmn2:sequenceFlow id="SequenceFlow_12" name="No2" sourceRef="ExclusiveGateway_2" targetRef="Task_9">
      <bpmn2:conditionExpression xsi:type="bpmn2:tFormalExpression">No2</bpmn2:conditionExpression>
    </bpmn2:sequenceFlow>
    <bpmn2:sequenceFlow id="SequenceFlow_14" name="" sourceRef="Task_8" targetRef="EndEvent_3" />
    <bpmn2:sequenceFlow id="SequenceFlow_13" name="" sourceRef="Task_9" targetRef="EndEvent_2" />
  </bpmn2:process>
  <bpmndi:BPMNDiagram id="BPMNDiagram_1">
    <bpmndi:BPMNPlane id="BPMNPlane_1" bpmnElement="_Collaboration_3">
      <bpmndi:BPMNShape id="_BPMNShape_Participant_3" bpmnElement="_Participant_3" isHorizontal="true">
        <dc:Bounds x="13" y="57" width="1148" height="443" />
      </bpmndi:BPMNShape>
      <bpmndi:BPMNShape id="_BPMNShape_Lane_6" bpmnElement="Lane_1" isHorizontal="true">
        <dc:Bounds x="43" y="57" width="1118" height="100" />
      </bpmndi:BPMNShape>
      <bpmndi:BPMNShape id="_BPMNShape_Lane_7" bpmnElement="Lane_2" isHorizontal="true">
        <dc:Bounds x="43" y="156" width="1118" height="237" />
      </bpmndi:BPMNShape>
      <bpmndi:BPMNShape id="_BPMNShape_Lane_8" bpmnElement="Lane_3" isHorizontal="true">
        <dc:Bounds x="43" y="392" width="1118" height="108" />
      </bpmndi:BPMNShape>
      <bpmndi:BPMNShape id="_BPMNShape_StartEvent_4" bpmnElement="StartEvent_1">
        <dc:Bounds x="68" y="88" width="36" height="36" />
        <bpmndi:BPMNLabel>
          <dc:Bounds x="41" y="129" width="90" height="0" />
        </bpmndi:BPMNLabel>
      </bpmndi:BPMNShape>
      <bpmndi:BPMNShape id="_BPMNShape_Task_10" bpmnElement="Task_1">
        <dc:Bounds x="154" y="67" width="100" height="80" />
      </bpmndi:BPMNShape>
      <bpmndi:BPMNEdge id="BPMNEdge_SequenceFlow_1" bpmnElement="SequenceFlow_1" sourceElement="_BPMNShape_StartEvent_4" targetElement="_BPMNShape_Task_10">
        <di:waypoint xsi:type="dc:Point" x="104" y="106" />
        <di:waypoint xsi:type="dc:Point" x="129" y="106" />
        <di:waypoint xsi:type="dc:Point" x="129" y="107" />
        <di:waypoint xsi:type="dc:Point" x="154" y="107" />
        <bpmndi:BPMNLabel>
          <dc:Bounds x="84" y="107" width="90" height="6" />
        </bpmndi:BPMNLabel>
      </bpmndi:BPMNEdge>
      <bpmndi:BPMNShape id="_BPMNShape_Task_11" bpmnElement="Task_2">
        <dc:Bounds x="152" y="177" width="100" height="80" />
      </bpmndi:BPMNShape>
      <bpmndi:BPMNEdge id="BPMNEdge_SequenceFlow_2" bpmnElement="SequenceFlow_2" sourceElement="_BPMNShape_Task_10" targetElement="_BPMNShape_Task_11">
        <di:waypoint xsi:type="dc:Point" x="204" y="147" />
        <di:waypoint xsi:type="dc:Point" x="204" y="162" />
        <di:waypoint xsi:type="dc:Point" x="202" y="162" />
        <di:waypoint xsi:type="dc:Point" x="202" y="177" />
        <bpmndi:BPMNLabel>
          <dc:Bounds x="157" y="170" width="90" height="6" />
        </bpmndi:BPMNLabel>
      </bpmndi:BPMNEdge>
      <bpmndi:BPMNShape id="_BPMNShape_Task_12" bpmnElement="Task_3">
        <dc:Bounds x="302" y="177" width="100" height="80" />
      </bpmndi:BPMNShape>
      <bpmndi:BPMNEdge id="BPMNEdge_SequenceFlow_3" bpmnElement="SequenceFlow_3" sourceElement="_BPMNShape_Task_11" targetElement="_BPMNShape_Task_12">
        <di:waypoint xsi:type="dc:Point" x="252" y="217" />
        <di:waypoint xsi:type="dc:Point" x="302" y="217" />
        <bpmndi:BPMNLabel>
          <dc:Bounds x="232" y="217" width="90" height="6" />
        </bpmndi:BPMNLabel>
      </bpmndi:BPMNEdge>
      <bpmndi:BPMNShape id="_BPMNShape_ExclusiveGateway_2" bpmnElement="ExclusiveGateway_1" isMarkerVisible="true">
        <dc:Bounds x="452" y="192" width="50" height="50" />
        <bpmndi:BPMNLabel>
          <dc:Bounds x="420" y="247" width="115" height="22" />
        </bpmndi:BPMNLabel>
      </bpmndi:BPMNShape>
      <bpmndi:BPMNEdge id="BPMNEdge_SequenceFlow_4" bpmnElement="SequenceFlow_4" sourceElement="_BPMNShape_Task_12" targetElement="_BPMNShape_ExclusiveGateway_2">
        <di:waypoint xsi:type="dc:Point" x="402" y="217" />
        <di:waypoint xsi:type="dc:Point" x="452" y="217" />
        <bpmndi:BPMNLabel>
          <dc:Bounds x="382" y="217" width="90" height="6" />
        </bpmndi:BPMNLabel>
      </bpmndi:BPMNEdge>
      <bpmndi:BPMNShape id="_BPMNShape_Task_13" bpmnElement="Task_4">
        <dc:Bounds x="552" y="177" width="100" height="80" />
      </bpmndi:BPMNShape>
      <bpmndi:BPMNEdge id="BPMNEdge_SequenceFlow_5" bpmnElement="SequenceFlow_5" sourceElement="_BPMNShape_ExclusiveGateway_2" targetElement="_BPMNShape_Task_13">
        <di:waypoint xsi:type="dc:Point" x="502" y="217" />
        <di:waypoint xsi:type="dc:Point" x="552" y="217" />
        <bpmndi:BPMNLabel>
          <dc:Bounds x="482" y="217" width="90" height="22" />
        </bpmndi:BPMNLabel>
      </bpmndi:BPMNEdge>
      <bpmndi:BPMNShape id="_BPMNShape_EndEvent_3" bpmnElement="EndEvent_1">
        <dc:Bounds x="702" y="199" width="36" height="36" />
        <bpmndi:BPMNLabel>
          <dc:Bounds x="675" y="240" width="90" height="0" />
        </bpmndi:BPMNLabel>
      </bpmndi:BPMNShape>
      <bpmndi:BPMNEdge id="BPMNEdge_SequenceFlow_6" bpmnElement="SequenceFlow_6" sourceElement="_BPMNShape_Task_13" targetElement="_BPMNShape_EndEvent_3">
        <di:waypoint xsi:type="dc:Point" x="652" y="217" />
        <di:waypoint xsi:type="dc:Point" x="702" y="217" />
        <bpmndi:BPMNLabel>
          <dc:Bounds x="632" y="217" width="90" height="6" />
        </bpmndi:BPMNLabel>
      </bpmndi:BPMNEdge>
      <bpmndi:BPMNShape id="_BPMNShape_Task_14" bpmnElement="Task_5">
        <dc:Bounds x="427" y="407" width="100" height="80" />
      </bpmndi:BPMNShape>
      <bpmndi:BPMNEdge id="BPMNEdge_SequenceFlow_7" bpmnElement="SequenceFlow_7" sourceElement="_BPMNShape_ExclusiveGateway_2" targetElement="_BPMNShape_Task_14">
        <di:waypoint xsi:type="dc:Point" x="477" y="242" />
        <di:waypoint xsi:type="dc:Point" x="477" y="407" />
        <bpmndi:BPMNLabel>
          <dc:Bounds x="433" y="283" width="90" height="22" />
        </bpmndi:BPMNLabel>
      </bpmndi:BPMNEdge>
      <bpmndi:BPMNShape id="_BPMNShape_Task_15" bpmnElement="Task_6">
        <dc:Bounds x="577" y="407" width="100" height="80" />
      </bpmndi:BPMNShape>
      <bpmndi:BPMNEdge id="BPMNEdge_SequenceFlow_8" bpmnElement="SequenceFlow_8" sourceElement="_BPMNShape_Task_14" targetElement="_BPMNShape_Task_15">
        <di:waypoint xsi:type="dc:Point" x="527" y="447" />
        <di:waypoint xsi:type="dc:Point" x="577" y="447" />
        <bpmndi:BPMNLabel>
          <dc:Bounds x="507" y="447" width="90" height="6" />
        </bpmndi:BPMNLabel>
      </bpmndi:BPMNEdge>
      <bpmndi:BPMNShape id="_BPMNShape_Task_16" bpmnElement="Task_7">
        <dc:Bounds x="702" y="285" width="100" height="80" />
      </bpmndi:BPMNShape>
      <bpmndi:BPMNEdge id="BPMNEdge_SequenceFlow_9" bpmnElement="SequenceFlow_9" sourceElement="_BPMNShape_Task_15" targetElement="_BPMNShape_Task_16">
        <di:waypoint xsi:type="dc:Point" x="627" y="407" />
        <di:waypoint xsi:type="dc:Point" x="627" y="325" />
        <di:waypoint xsi:type="dc:Point" x="702" y="325" />
        <bpmndi:BPMNLabel>
          <dc:Bounds x="582" y="382" width="90" height="6" />
        </bpmndi:BPMNLabel>
      </bpmndi:BPMNEdge>
      <bpmndi:BPMNShape id="_BPMNShape_ExclusiveGateway_3" bpmnElement="ExclusiveGateway_2" isMarkerVisible="true">
        <dc:Bounds x="849" y="300" width="50" height="50" />
        <bpmndi:BPMNLabel>
          <dc:Bounds x="829" y="355" width="90" height="0" />
        </bpmndi:BPMNLabel>
      </bpmndi:BPMNShape>
      <bpmndi:BPMNEdge id="BPMNEdge_SequenceFlow_10" bpmnElement="SequenceFlow_10" sourceElement="_BPMNShape_Task_16" targetElement="_BPMNShape_ExclusiveGateway_3">
        <di:waypoint xsi:type="dc:Point" x="802" y="325" />
        <di:waypoint xsi:type="dc:Point" x="849" y="325" />
        <bpmndi:BPMNLabel>
          <dc:Bounds x="781" y="325" width="90" height="6" />
        </bpmndi:BPMNLabel>
      </bpmndi:BPMNEdge>
      <bpmndi:BPMNShape id="_BPMNShape_Task_17" bpmnElement="Task_8">
        <dc:Bounds x="949" y="285" width="100" height="80" />
      </bpmndi:BPMNShape>
      <bpmndi:BPMNEdge id="BPMNEdge_SequenceFlow_11" bpmnElement="SequenceFlow_11" sourceElement="_BPMNShape_ExclusiveGateway_3" targetElement="_BPMNShape_Task_17">
        <di:waypoint xsi:type="dc:Point" x="899" y="325" />
        <di:waypoint xsi:type="dc:Point" x="949" y="325" />
        <bpmndi:BPMNLabel>
          <dc:Bounds x="880" y="325" width="90" height="22" />
        </bpmndi:BPMNLabel>
      </bpmndi:BPMNEdge>
      <bpmndi:BPMNShape id="_BPMNShape_Task_18" bpmnElement="Task_9">
        <dc:Bounds x="825" y="178" width="100" height="80" />
      </bpmndi:BPMNShape>
      <bpmndi:BPMNEdge id="BPMNEdge_SequenceFlow_12" bpmnElement="SequenceFlow_12" sourceElement="_BPMNShape_ExclusiveGateway_3" targetElement="_BPMNShape_Task_18">
        <di:waypoint xsi:type="dc:Point" x="874" y="300" />
        <di:waypoint xsi:type="dc:Point" x="875" y="258" />
        <bpmndi:BPMNLabel>
          <dc:Bounds x="830" y="266" width="90" height="6" />
        </bpmndi:BPMNLabel>
      </bpmndi:BPMNEdge>
      <bpmndi:BPMNShape id="_BPMNShape_EndEvent_4" bpmnElement="EndEvent_2">
        <dc:Bounds x="975" y="200" width="36" height="36" />
        <bpmndi:BPMNLabel>
          <dc:Bounds x="948" y="241" width="90" height="0" />
        </bpmndi:BPMNLabel>
      </bpmndi:BPMNShape>
      <bpmndi:BPMNEdge id="BPMNEdge_SequenceFlow_13" bpmnElement="SequenceFlow_13" sourceElement="_BPMNShape_Task_18" targetElement="_BPMNShape_EndEvent_4">
        <di:waypoint xsi:type="dc:Point" x="925" y="218" />
        <di:waypoint xsi:type="dc:Point" x="975" y="218" />
        <bpmndi:BPMNLabel>
          <dc:Bounds x="905" y="218" width="90" height="6" />
        </bpmndi:BPMNLabel>
      </bpmndi:BPMNEdge>
      <bpmndi:BPMNShape id="_BPMNShape_EndEvent_5" bpmnElement="EndEvent_3">
        <dc:Bounds x="1099" y="307" width="36" height="36" />
        <bpmndi:BPMNLabel>
          <dc:Bounds x="1072" y="343" width="90" height="20" />
        </bpmndi:BPMNLabel>
      </bpmndi:BPMNShape>
      <bpmndi:BPMNEdge id="BPMNEdge_SequenceFlow_14" bpmnElement="SequenceFlow_14" sourceElement="_BPMNShape_Task_17" targetElement="_BPMNShape_EndEvent_5">
        <di:waypoint xsi:type="dc:Point" x="1049" y="325" />
        <di:waypoint xsi:type="dc:Point" x="1099" y="325" />
        <bpmndi:BPMNLabel>
          <dc:Bounds x="1029" y="315" width="90" height="20" />
        </bpmndi:BPMNLabel>
      </bpmndi:BPMNEdge>
    </bpmndi:BPMNPlane>
  </bpmndi:BPMNDiagram>
</bpmn2:definitions>
