<?xml version="1.0" encoding="UTF-8"?>
<bpmn2:definitions xmlns:xsi="http://www.w3.org/2001/XMLSchema-instance" xmlns:bpmn2="http://www.omg.org/spec/BPMN/20100524/MODEL" xmlns:bpmndi="http://www.omg.org/spec/BPMN/20100524/DI" xmlns:dc="http://www.omg.org/spec/DD/20100524/DC" xmlns:di="http://www.omg.org/spec/DD/20100524/DI" id="_0WvJsDaUEeWg-NKwt676Ag" targetNamespace="http://activiti.org/bpmn" exporter="camunda modeler" exporterVersion="2.7.0" xsi:schemaLocation="http://www.omg.org/spec/BPMN/20100524/MODEL BPMN20.xsd">
  <bpmn2:collaboration id="_Collaboration_2">
    <bpmn2:participant id="_Participant_2" name="Pizza Delivery" processRef="Process_1" />
  </bpmn2:collaboration>
  <bpmn2:process id="Process_1" name="Pizza Delivery" isExecutable="false">
    <bpmn2:laneSet id="LaneSet_1" name="Lane Set 1">
      <bpmn2:lane id="Lane_1" name="Call Center">
        <bpmn2:flowNodeRef>Task_2</bpmn2:flowNodeRef>
        <bpmn2:flowNodeRef>Task_1</bpmn2:flowNodeRef>
        <bpmn2:flowNodeRef>StartEvent_1</bpmn2:flowNodeRef>
      </bpmn2:lane>
      <bpmn2:lane id="Lane_2" name="Outlet Kitchen">
        <bpmn2:flowNodeRef>Task_3</bpmn2:flowNodeRef>
        <bpmn2:flowNodeRef>Task_4</bpmn2:flowNodeRef>
        <bpmn2:flowNodeRef>ParallelGateway_3</bpmn2:flowNodeRef>
        <bpmn2:flowNodeRef>Task_5</bpmn2:flowNodeRef>
      </bpmn2:lane>
      <bpmn2:lane id="Lane_3" name="Delivery Management">
        <bpmn2:flowNodeRef>Task_6</bpmn2:flowNodeRef>
      </bpmn2:lane>
      <bpmn2:lane id="Lane_4" name="Drivers">
        <bpmn2:flowNodeRef>Task_7</bpmn2:flowNodeRef>
        <bpmn2:flowNodeRef>Task_8</bpmn2:flowNodeRef>
        <bpmn2:flowNodeRef>EndEvent_1</bpmn2:flowNodeRef>
        <bpmn2:flowNodeRef>ParallelGateway_2</bpmn2:flowNodeRef>
      </bpmn2:lane>
    </bpmn2:laneSet>
    <bpmn2:task id="Task_3" name="Prepare the Pizza">
      <bpmn2:incoming>SequenceFlow_6</bpmn2:incoming>
      <bpmn2:outgoing>SequenceFlow_3</bpmn2:outgoing>
    </bpmn2:task>
    <bpmn2:sequenceFlow id="SequenceFlow_3" name="" sourceRef="Task_3" targetRef="Task_4" />
    <bpmn2:task id="Task_4" name="Cook the Pizza">
      <bpmn2:incoming>SequenceFlow_3</bpmn2:incoming>
      <bpmn2:outgoing>SequenceFlow_12</bpmn2:outgoing>
    </bpmn2:task>
    <bpmn2:sequenceFlow id="SequenceFlow_12" name="" sourceRef="Task_4" targetRef="ParallelGateway_3" />
    <bpmn2:parallelGateway id="ParallelGateway_3">
      <bpmn2:incoming>SequenceFlow_12</bpmn2:incoming>
      <bpmn2:outgoing>SequenceFlow_13</bpmn2:outgoing>
      <bpmn2:outgoing>SequenceFlow_14</bpmn2:outgoing>
    </bpmn2:parallelGateway>
    <bpmn2:sequenceFlow id="SequenceFlow_13" name="" sourceRef="ParallelGateway_3" targetRef="Task_5" />
    <bpmn2:sequenceFlow id="SequenceFlow_14" name="" sourceRef="ParallelGateway_3" targetRef="Task_6" />
    <bpmn2:task id="Task_5" name="Package the Pizza">
      <bpmn2:incoming>SequenceFlow_13</bpmn2:incoming>
      <bpmn2:outgoing>SequenceFlow_8</bpmn2:outgoing>
    </bpmn2:task>
    <bpmn2:sequenceFlow id="SequenceFlow_8" name="" sourceRef="Task_5" targetRef="ParallelGateway_2" />
    <bpmn2:task id="Task_2" name="Assign the Order">
      <bpmn2:incoming>SequenceFlow_2</bpmn2:incoming>
      <bpmn2:outgoing>SequenceFlow_6</bpmn2:outgoing>
    </bpmn2:task>
    <bpmn2:sequenceFlow id="SequenceFlow_6" name="" sourceRef="Task_2" targetRef="Task_3" />
    <bpmn2:task id="Task_1" name="Answer Customer Call">
      <bpmn2:incoming>SequenceFlow_1</bpmn2:incoming>
      <bpmn2:outgoing>SequenceFlow_2</bpmn2:outgoing>
    </bpmn2:task>
    <bpmn2:sequenceFlow id="SequenceFlow_2" name="" sourceRef="Task_1" targetRef="Task_2" />
    <bpmn2:startEvent id="StartEvent_1" name="Receive Pizza Order">
      <bpmn2:outgoing>SequenceFlow_1</bpmn2:outgoing>
    </bpmn2:startEvent>
    <bpmn2:sequenceFlow id="SequenceFlow_1" name="" sourceRef="StartEvent_1" targetRef="Task_1" />
    <bpmn2:task id="Task_6" name="Assign the Delivery">
      <bpmn2:incoming>SequenceFlow_14</bpmn2:incoming>
      <bpmn2:outgoing>SequenceFlow_7</bpmn2:outgoing>
    </bpmn2:task>
    <bpmn2:sequenceFlow id="SequenceFlow_7" name="" sourceRef="Task_6" targetRef="ParallelGateway_2" />
    <bpmn2:task id="Task_7" name="Deliver the Pizza">
      <bpmn2:incoming>SequenceFlow_11</bpmn2:incoming>
      <bpmn2:outgoing>SequenceFlow_15</bpmn2:outgoing>
    </bpmn2:task>
    <bpmn2:sequenceFlow id="SequenceFlow_15" name="" sourceRef="Task_7" targetRef="Task_8" />
    <bpmn2:task id="Task_8" name="Receive Payment">
      <bpmn2:incoming>SequenceFlow_15</bpmn2:incoming>
      <bpmn2:outgoing>SequenceFlow_16</bpmn2:outgoing>
    </bpmn2:task>
    <bpmn2:sequenceFlow id="SequenceFlow_16" name="" sourceRef="Task_8" targetRef="EndEvent_1" />
    <bpmn2:endEvent id="EndEvent_1">
      <bpmn2:incoming>SequenceFlow_16</bpmn2:incoming>
    </bpmn2:endEvent>
    <bpmn2:parallelGateway id="ParallelGateway_2">
      <bpmn2:incoming>SequenceFlow_7</bpmn2:incoming>
      <bpmn2:incoming>SequenceFlow_8</bpmn2:incoming>
      <bpmn2:outgoing>SequenceFlow_11</bpmn2:outgoing>
    </bpmn2:parallelGateway>
    <bpmn2:sequenceFlow id="SequenceFlow_11" name="" sourceRef="ParallelGateway_2" targetRef="Task_7" />
  </bpmn2:process>
  <bpmndi:BPMNDiagram id="BPMNDiagram_1">
    <bpmndi:BPMNPlane id="BPMNPlane_1" bpmnElement="_Collaboration_2">
      <bpmndi:BPMNShape id="_BPMNShape_Participant_2" bpmnElement="_Participant_2" isHorizontal="true">
        <dc:Bounds x="0" y="48" width="961" height="468" />
      </bpmndi:BPMNShape>
      <bpmndi:BPMNShape id="_BPMNShape_Lane_2" bpmnElement="Lane_1" isHorizontal="true">
        <dc:Bounds x="30" y="48" width="931" height="120" />
      </bpmndi:BPMNShape>
      <bpmndi:BPMNShape id="_BPMNShape_Lane_3" bpmnElement="Lane_2" isHorizontal="true">
        <dc:Bounds x="30" y="167" width="931" height="109" />
      </bpmndi:BPMNShape>
      <bpmndi:BPMNShape id="_BPMNShape_Lane_4" bpmnElement="Lane_3" isHorizontal="true">
        <dc:Bounds x="30" y="275" width="931" height="122" />
      </bpmndi:BPMNShape>
      <bpmndi:BPMNShape id="_BPMNShape_Lane_5" bpmnElement="Lane_4" isHorizontal="true">
        <dc:Bounds x="30" y="396" width="931" height="120" />
      </bpmndi:BPMNShape>
      <bpmndi:BPMNShape id="_BPMNShape_StartEvent_2" bpmnElement="StartEvent_1">
        <dc:Bounds x="60" y="91" width="36" height="36" />
        <bpmndi:BPMNLabel>
          <dc:Bounds x="16" y="132" width="124" height="22" />
        </bpmndi:BPMNLabel>
      </bpmndi:BPMNShape>
      <bpmndi:BPMNShape id="_BPMNShape_Task_2" bpmnElement="Task_1">
        <dc:Bounds x="120" y="69" width="100" height="80" />
      </bpmndi:BPMNShape>
      <bpmndi:BPMNEdge id="BPMNEdge_SequenceFlow_1" bpmnElement="SequenceFlow_1" sourceElement="_BPMNShape_StartEvent_2" targetElement="_BPMNShape_Task_2">
        <di:waypoint xsi:type="dc:Point" x="96" y="109" />
        <di:waypoint xsi:type="dc:Point" x="120" y="109" />
        <bpmndi:BPMNLabel>
          <dc:Bounds x="99" y="109" width="6" height="6" />
        </bpmndi:BPMNLabel>
      </bpmndi:BPMNEdge>
      <bpmndi:BPMNShape id="_BPMNShape_Task_3" bpmnElement="Task_2">
        <dc:Bounds x="240" y="69" width="100" height="80" />
      </bpmndi:BPMNShape>
      <bpmndi:BPMNEdge id="BPMNEdge_SequenceFlow_2" bpmnElement="SequenceFlow_2" sourceElement="_BPMNShape_Task_2" targetElement="_BPMNShape_Task_3">
        <di:waypoint xsi:type="dc:Point" x="220" y="109" />
        <di:waypoint xsi:type="dc:Point" x="240" y="109" />
        <bpmndi:BPMNLabel>
          <dc:Bounds x="227" y="109" width="6" height="6" />
        </bpmndi:BPMNLabel>
      </bpmndi:BPMNEdge>
      <bpmndi:BPMNShape id="_BPMNShape_Task_4" bpmnElement="Task_3">
        <dc:Bounds x="240" y="178" width="100" height="80" />
      </bpmndi:BPMNShape>
      <bpmndi:BPMNShape id="_BPMNShape_Task_5" bpmnElement="Task_4">
        <dc:Bounds x="360" y="178" width="100" height="80" />
      </bpmndi:BPMNShape>
      <bpmndi:BPMNEdge id="BPMNEdge_SequenceFlow_3" bpmnElement="SequenceFlow_3" sourceElement="_BPMNShape_Task_4" targetElement="_BPMNShape_Task_5">
        <di:waypoint xsi:type="dc:Point" x="340" y="218" />
        <di:waypoint xsi:type="dc:Point" x="360" y="218" />
        <bpmndi:BPMNLabel>
          <dc:Bounds x="347" y="218" width="6" height="6" />
        </bpmndi:BPMNLabel>
      </bpmndi:BPMNEdge>
      <bpmndi:BPMNShape id="_BPMNShape_Task_6" bpmnElement="Task_5">
        <dc:Bounds x="564" y="181" width="100" height="80" />
      </bpmndi:BPMNShape>
      <bpmndi:BPMNShape id="_BPMNShape_Task_7" bpmnElement="Task_6">
        <dc:Bounds x="468" y="297" width="100" height="80" />
      </bpmndi:BPMNShape>
      <bpmndi:BPMNShape id="_BPMNShape_ParallelGateway_3" bpmnElement="ParallelGateway_2">
        <dc:Bounds x="576" y="431" width="50" height="50" />
        <bpmndi:BPMNLabel>
          <dc:Bounds x="601" y="486" width="0" height="0" />
        </bpmndi:BPMNLabel>
      </bpmndi:BPMNShape>
      <bpmndi:BPMNEdge id="BPMNEdge_SequenceFlow_6" bpmnElement="SequenceFlow_6" sourceElement="_BPMNShape_Task_3" targetElement="_BPMNShape_Task_4">
        <di:waypoint xsi:type="dc:Point" x="290" y="149" />
        <di:waypoint xsi:type="dc:Point" x="290" y="178" />
        <bpmndi:BPMNLabel>
          <dc:Bounds x="287" y="160" width="6" height="6" />
        </bpmndi:BPMNLabel>
      </bpmndi:BPMNEdge>
      <bpmndi:BPMNEdge id="BPMNEdge_SequenceFlow_7" bpmnElement="SequenceFlow_7" sourceElement="_BPMNShape_Task_7" targetElement="_BPMNShape_ParallelGateway_3">
        <di:waypoint xsi:type="dc:Point" x="518" y="377" />
        <di:waypoint xsi:type="dc:Point" x="518" y="456" />
        <di:waypoint xsi:type="dc:Point" x="576" y="456" />
        <bpmndi:BPMNLabel>
          <dc:Bounds x="515" y="438" width="6" height="6" />
        </bpmndi:BPMNLabel>
      </bpmndi:BPMNEdge>
      <bpmndi:BPMNEdge id="BPMNEdge_SequenceFlow_8" bpmnElement="SequenceFlow_8" sourceElement="_BPMNShape_Task_6" targetElement="_BPMNShape_ParallelGateway_3">
        <di:waypoint xsi:type="dc:Point" x="614" y="261" />
        <di:waypoint xsi:type="dc:Point" x="614" y="333" />
        <di:waypoint xsi:type="dc:Point" x="601" y="333" />
        <di:waypoint xsi:type="dc:Point" x="601" y="431" />
        <bpmndi:BPMNLabel>
          <dc:Bounds x="610" y="333" width="6" height="6" />
        </bpmndi:BPMNLabel>
      </bpmndi:BPMNEdge>
      <bpmndi:BPMNShape id="_BPMNShape_Task_8" bpmnElement="Task_7">
        <dc:Bounds x="660" y="417" width="100" height="80" />
      </bpmndi:BPMNShape>
      <bpmndi:BPMNEdge id="BPMNEdge_SequenceFlow_11" bpmnElement="SequenceFlow_11" sourceElement="_BPMNShape_ParallelGateway_3" targetElement="_BPMNShape_Task_8">
        <di:waypoint xsi:type="dc:Point" x="626" y="456" />
        <di:waypoint xsi:type="dc:Point" x="643" y="456" />
        <di:waypoint xsi:type="dc:Point" x="643" y="457" />
        <di:waypoint xsi:type="dc:Point" x="660" y="457" />
        <bpmndi:BPMNLabel>
          <dc:Bounds x="651" y="457" width="6" height="6" />
        </bpmndi:BPMNLabel>
      </bpmndi:BPMNEdge>
      <bpmndi:BPMNShape id="_BPMNShape_ParallelGateway_4" bpmnElement="ParallelGateway_3">
        <dc:Bounds x="490" y="195" width="50" height="50" />
        <bpmndi:BPMNLabel>
          <dc:Bounds x="515" y="250" width="0" height="0" />
        </bpmndi:BPMNLabel>
      </bpmndi:BPMNShape>
      <bpmndi:BPMNEdge id="BPMNEdge_SequenceFlow_12" bpmnElement="SequenceFlow_12" sourceElement="_BPMNShape_Task_5" targetElement="_BPMNShape_ParallelGateway_4">
        <di:waypoint xsi:type="dc:Point" x="460" y="218" />
        <di:waypoint xsi:type="dc:Point" x="475" y="218" />
        <di:waypoint xsi:type="dc:Point" x="475" y="220" />
        <di:waypoint xsi:type="dc:Point" x="490" y="220" />
        <bpmndi:BPMNLabel>
          <dc:Bounds x="480" y="220" width="6" height="6" />
        </bpmndi:BPMNLabel>
      </bpmndi:BPMNEdge>
      <bpmndi:BPMNEdge id="BPMNEdge_SequenceFlow_13" bpmnElement="SequenceFlow_13" sourceElement="_BPMNShape_ParallelGateway_4" targetElement="_BPMNShape_Task_6">
        <di:waypoint xsi:type="dc:Point" x="540" y="220" />
        <di:waypoint xsi:type="dc:Point" x="564" y="220" />
        <bpmndi:BPMNLabel>
          <dc:Bounds x="549" y="220" width="6" height="6" />
        </bpmndi:BPMNLabel>
      </bpmndi:BPMNEdge>
      <bpmndi:BPMNEdge id="BPMNEdge_SequenceFlow_14" bpmnElement="SequenceFlow_14" sourceElement="_BPMNShape_ParallelGateway_4" targetElement="_BPMNShape_Task_7">
        <di:waypoint xsi:type="dc:Point" x="515" y="245" />
        <di:waypoint xsi:type="dc:Point" x="515" y="266" />
        <di:waypoint xsi:type="dc:Point" x="518" y="266" />
        <di:waypoint xsi:type="dc:Point" x="518" y="297" />
        <bpmndi:BPMNLabel>
          <dc:Bounds x="514" y="266" width="6" height="6" />
        </bpmndi:BPMNLabel>
      </bpmndi:BPMNEdge>
      <bpmndi:BPMNShape id="_BPMNShape_Task_9" bpmnElement="Task_8">
        <dc:Bounds x="780" y="417" width="100" height="80" />
      </bpmndi:BPMNShape>
      <bpmndi:BPMNEdge id="BPMNEdge_SequenceFlow_15" bpmnElement="SequenceFlow_15" sourceElement="_BPMNShape_Task_8" targetElement="_BPMNShape_Task_9">
        <di:waypoint xsi:type="dc:Point" x="760" y="457" />
        <di:waypoint xsi:type="dc:Point" x="780" y="457" />
        <bpmndi:BPMNLabel>
          <dc:Bounds x="767" y="457" width="6" height="6" />
        </bpmndi:BPMNLabel>
      </bpmndi:BPMNEdge>
      <bpmndi:BPMNShape id="_BPMNShape_EndEvent_2" bpmnElement="EndEvent_1">
        <dc:Bounds x="900" y="439" width="36" height="36" />
        <bpmndi:BPMNLabel>
          <dc:Bounds x="918" y="480" width="0" height="0" />
        </bpmndi:BPMNLabel>
      </bpmndi:BPMNShape>
      <bpmndi:BPMNEdge id="BPMNEdge_SequenceFlow_16" bpmnElement="SequenceFlow_16" sourceElement="_BPMNShape_Task_9" targetElement="_BPMNShape_EndEvent_2">
        <di:waypoint xsi:type="dc:Point" x="880" y="457" />
        <di:waypoint xsi:type="dc:Point" x="900" y="457" />
        <bpmndi:BPMNLabel>
          <dc:Bounds x="883" y="457" width="6" height="6" />
        </bpmndi:BPMNLabel>
      </bpmndi:BPMNEdge>
    </bpmndi:BPMNPlane>
  </bpmndi:BPMNDiagram>
</bpmn2:definitions>
